clause_id,section,source_text,claude_subject,claude_obligation,claude_condition,claude_threshold,claude_deadline,claude_exception,human_subject,human_obligation,human_condition,human_threshold,human_deadline,human_exception,notes
OBL-0170,Preamble,The protection buyer must have the right/ability to inform the protection provider of the occurrence of a credit event.,The protection buyer,must have the right/ability to inform the protection provider of the occurrence of a credit event,occurrence of a credit event,,,,buyer,have the right/ability to inform the protection provider of the occurrence of a credit event,to inform the protection provider of the occurrence of a credit event,,,,
OBL-0037,Preamble,"The primary source of repayment of the obligation is the income generated by the asset(s), rather than the independent capacity of the borrowing entity;",borrowing entity,"the primary source of repayment of the obligation is the income generated by the asset(s), rather than the independent capacity of the borrowing entity",,,,,,,,,by the,,
OBL-0364,Section XI,Each separate legal entity to which the bank is exposed must be separately rated.,bank,must separately rate each separate legal entity to which it is exposed,exposure to separate legal entities,,,,exposed,be separately rated,to which the bank is exposed must be separately rated,,,,
OBL-0332,Section XI,"The less information a bank has, the more conservative must be its assignments of exposures to borrower and facility grades or pools.",bank,must be more conservative in assignments of exposures to borrower and facility grades or pools,when the bank has less information,,,,conservative,be its assignments of exposures to borrower and facility grades or pools,to borrower and facility grades or pools,,,,
OBL-0313,Section XI,"To meet this objective, a bank must have a minimum of seven borrower grades for non-defaulted borrowers and one for those that have defaulted.",a bank,must have a minimum of seven borrower grades for non-defaulted borrowers and one for those that have defaulted,To meet this objective,minimum of seven borrower grades for non-defaulted borrowers and one for those that have defaulted,,,bank,have a minimum of seven borrower grades for non-defaulted borrowers and one for those that have defaulted,"To meet this objective, a bank must have a minimum of seven borrower grades for non-defaulted borrowers and one for those that have defaulted",,,,
OBL-0214,Preamble,"The plan should be realistic, and must be agreed with the supervisor.",The plan,"The plan should be realistic, and must be agreed with the supervisor",,,,,and,be agreed with the supervisor,,,,,
OBL-0162,Preamble,"(b) If the credit derivative covers obligations that do not include the underlying obligation, section (g) below governs whether the asset mismatch is permissible.",,section (g) below governs whether the asset mismatch is permissible,If the credit derivative covers obligations that do not include the underlying obligation,,,,,,,,,,
OBL-0635,Section XI,• The volatilities and correlations of market risk factors must be calibrated to market data whenever sufficient data exists in a given market.,The regulated entity,must calibrate the volatilities and correlations of market risk factors to market data,whenever sufficient data exists in a given market,,,,factors,be calibrated to market data whenever sufficient data exists in a given market,to market data whenever sufficient data exists in a given market,,,,
OBL-0137,Preamble,"For SFTs in which the bank lends, or posts as collateral, non-eligible instruments, the haircut to be applied on the exposure must be 30%.",the bank,must apply a haircut on the exposure,"For SFTs in which the bank lends, or posts as collateral, non-eligible instruments",30%,,,exposure,be 30%,"For SFTs in which the bank lends, or posts as collateral, non-eligible instruments, the haircut to be applied on the exposure must be 30%",30,,,
OBL-0695,Section XI,Losses and the measurement of the BI must include losses and BI items that result from acquisitions of relevant business and mergers.,Losses and the measurement of the BI,must include losses and BI items that result from acquisitions of relevant business and mergers,measurement of losses and BI,,,,BI,include losses and BI items that result from acquisitions of relevant business and mergers,,,,,
OBL-0506,Section XI,The bank must be able to monitor outstanding balances on a daily basis.,the bank,must be able to monitor outstanding balances,,daily basis,on a daily basis,,bank,be able to monitor outstanding balances on a daily basis,to monitor outstanding balances on a daily basis,,,,
OBL-0046,Preamble,2) The obligation requires (or permits at the issuer’s discretion) settlement by issuance of a fixed number of the issuer’s equity shares;,issuer,settlement by issuance of a fixed number of the issuer's equity shares,The obligation requires (or permits at the issuer's discretion),fixed number,,,,,,2,by issuance,,
OBL-0043,Preamble,• It does not embody an obligation on the part of the issuer;,issuer,does not embody an obligation,,,,,,,,,,,
OBL-0151,Preamble,"For on-balance sheet netting, the requirements in paragraphs 163 and 172 and 126 to 130 must be applied.",,apply the requirements in paragraphs 163 and 172 and 126 to 130,for on-balance sheet netting,,,,130,be applied,"For on-balance sheet netting, the requirements in paragraphs 163 and 172 and 126 to 130 must be applied",163,,,
OBL-0310,Section XI,"For each pool, banks must estimate PD, LGD, and EAD.",banks,"must estimate PD, LGD, and EAD",for each pool,,,,banks,estimate PD,"For each pool, banks must estimate PD, LGD, and EAD",,,,
OBL-0322,Section XI,There must be a meaningful distribution of borrowers and exposures across pools.,,ensure meaningful distribution of borrowers and exposures across pools,across pools,meaningful distribution,,,There,be a meaningful distribution of borrowers and exposures across pools,,,,,
OBL-0587,Section XI,The bank must have a sound process for determining the credit risk in the receivables.,The bank,must have a sound process for determining the credit risk in the receivables,,,,,bank,have a sound process for determining the credit risk in the receivables,for determining the credit risk in the receivables,,,,
OBL-0707,Section XI,The table below provides a simple example of how the capital floor must be calculated.,,calculate the capital floor,,,,,floor,be calculated,,,,,
OBL-0038,Preamble,and • The terms of the obligation give the lender a substantial degree of control over the asset(s) and the income that it generates.,lender,the terms of the obligation give the lender a substantial degree of control over the asset(s) and the income that it generates,when the terms of the obligation are structured,substantial degree of control,,,,,,,,,
OBL-0653,Section XI,The terms and specifications must reside in a secure database that is subject to formal and periodic audit.,The terms and specifications,The terms and specifications must reside in a secure database that is subject to formal and periodic audit,,,,,specifications,reside in a secure database that is subject to formal and periodic audit,in a secure database that is subject to formal and periodic audit,,,,
OBL-0296,Section XI,Banks must not allocate borrowers across rating systems inappropriately to minimise regulatory capital requirements (ie cherry-picking by choice of rating system).,Banks,must not allocate borrowers across rating systems inappropriately to minimise regulatory capital requirements,,,,,Banks,not allocate borrowers across rating systems inappropriately to minimise regulatory capital requirements (ie cherry-picking by choice of rating system),to minimise regulatory capital requirements (ie cherry-picking by choice of rating system),,by choice,,
OBL-0501,Section XI,A bank must use all relevant and material information in its derivation of EAD estimates.,A bank,must use all relevant and material information in its derivation of EAD estimates,in its derivation of EAD estimates,,,,bank,use all relevant and material information in its derivation of EAD estimates,in its derivation of EAD estimates,,,,
OBL-0311,Section XI,Banks must explicitly address cross-collateral provisions where present.,Banks,must explicitly address cross-collateral provisions,where present,,,,Banks,explicitly address cross-collateral provisions where present,where present,,,,
OBL-0527,Section XI,"The criteria must be plausible and intuitive, and must address the guarantor’s ability and willingness to perform under the guarantee.",The criteria,"The criteria must be plausible and intuitive, and must address the guarantor's ability and willingness to perform under the guarantee",,,,,criteria,be plausible and intuitive,to perform under the guarantee,,,,
OBL-0694,Section XI,Such exclusions must be disclosed under Pillar 3.,Such exclusions,must be disclosed under Pillar 3,Such exclusions,,,,exclusions,be disclosed under Pillar 3,,3,,,
OBL-0368,Section XI,These operational processes must be documented in the bank’s procedures and incorporated into bank policies.,bank,must document operational processes in procedures and incorporate into policies,,,,,processes,be documented in the bank’s procedures and incorporated into bank policies,in the bank’s procedures and incorporated into bank policies,,,,
OBL-0011,Preamble,Banks must perform due diligence to ensure that the external ratings appropriately and conservatively reflect the creditworthiness of the bank counterparties.,Banks,must perform due diligence to ensure that the external ratings appropriately and conservatively reflect the creditworthiness of the bank counterparties,,,,,Banks,perform due diligence to ensure that the external ratings appropriately and conservatively reflect the creditworthiness of the bank counterparties,to ensure that the external ratings appropriately and conservatively reflect the creditworthiness of the bank counterparties,,,,
OBL-0240,Section XI,"Whether adjustments are done through PD or LGD, they must be done in a consistent manner for a given guarantee or credit derivative type.",adjustments,must be done in a consistent manner for a given guarantee or credit derivative type,Whether adjustments are done through PD or LGD,,,,they,be done in a consistent manner for a given guarantee or credit derivative type,in a consistent manner for a given guarantee or credit derivative type,,,,
OBL-0430,Section XI,"For estimates of LGD and EAD, banks must take into account paragraphs 235 to 251.",banks,must take into account paragraphs 235 to 251,For estimates of LGD and EAD,,,,banks,take into account paragraphs 235 to 251,"For estimates of LGD and EAD, banks must take into account paragraphs 235 to 251",235,,,
OBL-0237,Section XI,"Under either approach, CRM in the form of guarantees and credit derivatives must not reflect the effect of double default (see paragraph 254).",CRM in the form of guarantees and credit derivatives,CRM in the form of guarantees and credit derivatives must not reflect the effect of double default,Under either approach,,,,derivatives,not reflect the effect of double default (see paragraph 254),in the form of guarantees and credit derivatives must not reflect the effect of double default (see paragraph 254),254,,,
OBL-0308,Section XI,Banks must assign each exposure that falls within the definition of retail for IRB purposes into a particular pool.,Banks,must assign each exposure into a particular pool,exposure falls within the definition of retail for IRB purposes,,,,Banks,assign each exposure that falls within the definition of retail for IRB purposes into a particular pool,for IRB purposes into a particular pool,,within the definition of retail for IRB purposes into a particular pool,,
OBL-0428,Section XI,Banks must review their estimates on a yearly basis or more frequently.,Banks,must review their estimates,,yearly basis or more frequently,yearly basis or more frequently,,Banks,review their estimates on a yearly basis or more frequently,,,,,
OBL-0465,Section XI,Biases or inconsistencies in the mapping approach or underlying data must be avoided.,,Biases or inconsistencies in the mapping approach or underlying data must be avoided,in the mapping approach or underlying data,,,,data,be avoided,in the mapping approach or underlying data must be avoided,,,,
OBL-0088,Preamble,"• A distressed restructuring of any credit obligation (ie a restructuring that may result in a diminished financial obligation caused by the material forgiveness, or postponement, of principal, interest or (where relevant) fees) is agreed by the bank;",the bank,agree to a distressed restructuring of any credit obligation,"restructuring that may result in a diminished financial obligation caused by the material forgiveness, or postponement, of principal, interest or fees",,,,,,"in a diminished financial obligation caused by the material forgiveness, or postponement, of principal, interest or (where relevant) fees) is agreed by the bank",,by the,,
OBL-0345,Section XI,The model must be accurate on average across the range of borrowers or facilities to which the bank is exposed and there must be no known material biases.,the bank,must ensure the model is accurate on average across the range of borrowers or facilities to which the bank is exposed and must ensure there are no known material biases,across the range of borrowers or facilities to which the bank is exposed,accurate on average,,,model,be accurate on average across the range of borrowers or facilities to which the bank is exposed and there must be no known material biases,to which the bank is exposed and there must be no known material biases,,,,
OBL-0334,Section XI,"Banks using the supervisory slotting criteria must assign exposures to their internal rating grades based on their own criteria, systems and processes, subject to compliance with the requisite minimum requirements.",Banks using the supervisory slotting criteria,"must assign exposures to their internal rating grades based on their own criteria, systems and processes, subject to compliance with the requisite minimum requirements",using the supervisory slotting criteria,,,,criteria,assign exposures to their internal rating grades based on their own criteria,"to their internal rating grades based on their own criteria, systems and processes, subject to compliance with the requisite minimum requirements",,,,
OBL-0608,Section XI,Basel III: Finalising post-crisis reforms 109 • All external CVA hedges (whether eligible or not) that are covered transactions must be included in the CVA calculation for the counterparty to the hedge.,regulated entities subject to CVA calculations,must include all external CVA hedges that are covered transactions in the CVA calculation for the counterparty to the hedge,external CVA hedges are covered transactions,,,,transactions,be included in the CVA calculation for the counterparty to the hedge,in the CVA calculation for the counterparty to the hedge,109,,,
OBL-0248,Section XI,"Standardised approach CCFs must be used for all other off-balance sheet items (for example, undrawn non-revolving commitments), and must be used where the minimum requirements for own estimates of EAD are not met.",regulated entities,must use Standardised approach CCFs,"for all other off-balance sheet items (for example, undrawn non-revolving commitments), and where the minimum requirements for own estimates of EAD are not met",,,,CCFs,be used for all other off-balance sheet items (for example,"for all other off-balance sheet items (for example, undrawn non-revolving commitments), and must be used where the minimum requirements for own estimates of EAD are not met",,,,
OBL-0042,Preamble,"• The project finance entity’s revenue depends on one main counterparty and this main counterparty shall be a central government, PSE or a corporate entity with a risk weight of 80% or lower;",project finance entity,"main counterparty shall be a central government, PSE or a corporate entity with a risk weight of 80% or lower",project finance entity's revenue depends on one main counterparty,80% risk weight,,,counterparty,be a central government,,80,,,
OBL-0720,Section XI,"To maintain the same level of resilience provided by the leverage ratio, a jurisdiction applying this discretion must also increase the calibration of the minimum leverage ratio requirement commensurately to offset the impact of exempting central bank reserves.",a jurisdiction applying this discretion,must also increase the calibration of the minimum leverage ratio requirement commensurately to offset the impact of exempting central bank reserves,To maintain the same level of resilience provided by the leverage ratio,,,exempting central bank reserves,discretion,also increase the calibration of the minimum leverage ratio requirement commensurately to offset the impact of exempting central bank reserves,"To maintain the same level of resilience provided by the leverage ratio, a jurisdiction applying this discretion must also increase the calibration of the minimum leverage ratio requirement commensurately to offset the impact of exempting central bank reserves",,by the,,
OBL-0452,Section XI,"These policies must be applied consistently over time, and must support the ‘use test’ (ie if a bank treats a re-aged exposure in a similar fashion to other delinquent exposures more than the past-due cut off point, this exposure must be recorded as in default for IRB purposes).",bank,must apply policies consistently over time and support the 'use test' by recording re-aged exposures as in default for IRB purposes,if a bank treats a re-aged exposure in a similar fashion to other delinquent exposures more than the past-due cut off point,past-due cut off point,,,policies,be applied consistently over time,"in a similar fashion to other delinquent exposures more than the past-due cut off point, this exposure must be recorded as in default for IRB purposes)",,,,
OBL-0537,Section XI,"The structure of the facility must ensure that under all foreseeable circumstances the bank has effective ownership and control of the cash remittances from the receivables, including incidences of seller or servicer distress and bankruptcy.",bank,must ensure effective ownership and control of cash remittances from receivables through proper facility structure,under all foreseeable circumstances including incidences of seller or servicer distress and bankruptcy,,,,facility,ensure that under all foreseeable circumstances the bank has effective ownership and control of the cash remittances from the receivables,,,,,
OBL-0115,Preamble,"Before capital relief is granted in respect of any form of collateral, the standards set out below in paragraphs 140 to 145 must be met, irrespective of whether the simple or the comprehensive approach is used.",,the standards set out below in paragraphs 140 to 145 must be met,Before capital relief is granted in respect of any form of collateral,,,,145,be met,"in respect of any form of collateral, the standards set out below in paragraphs 140 to 145 must be met, irrespective of whether the simple or the comprehensive approach is used",140,,,
OBL-0365,Section XI,A bank must have policies acceptable to its supervisor regarding the treatment of individual entities in a connected group including circumstances under which the same rating may or may not be assigned to some or all related entities.,A bank,must have policies acceptable to its supervisor regarding the treatment of individual entities in a connected group including circumstances under which the same rating may or may not be assigned to some or all related entities,,,,,bank,have policies acceptable to its supervisor regarding the treatment of individual entities in a connected group including circumstances under which the same rating may or may not be assigned to some or all related entities,to its supervisor regarding the treatment of individual entities in a connected group including circumstances under which the same rating may or may not be assigned to some or all related entities,,,,
OBL-0072,Preamble,"however, the LTV bucket and risk weight to be applied to the exposure amount must be determined before the application of the appropriate credit risk mitigation technique.",,the LTV bucket and risk weight to be applied to the exposure amount must be determined before the application of the appropriate credit risk mitigation technique,when applying credit risk mitigation techniques,,before the application of the appropriate credit risk mitigation technique,,amount,be determined before the application of the appropriate credit risk mitigation technique,to be applied to the exposure amount must be determined before the application of the appropriate credit risk mitigation technique,,,,
OBL-0552,Section XI,Banks must regularly compare realised default rates with estimated PDs for each grade and be able to demonstrate that the realised default rates are within the expected range for that grade.,Banks,must regularly compare realised default rates with estimated PDs for each grade and be able to demonstrate that the realised default rates are within the expected range for that grade,for each grade,within the expected range,regularly,,Banks,regularly compare realised default rates with estimated PDs for each grade and be able to demonstrate that the realised default rates are within the expected range for that grade,for each grade and be able to demonstrate that the realised default rates are within the expected range for that grade,,within the expected range for that grade,,
OBL-0277,Section XI,"Basel III: Finalising post-crisis reforms 79 risk, banks using the Securitisation Internal Ratings-Based Approach (SEC-IRBA) that are able to calculate an exposure-weighted LGD must do so as defined in paragraph 60 of the securitisation framework.",banks using the Securitisation Internal Ratings-Based Approach (SEC-IRBA),must calculate an exposure-weighted LGD as defined in paragraph 60 of the securitisation framework,that are able to calculate an exposure-weighted LGD,,,,LGD,do so as defined in paragraph 60 of the securitisation framework,to calculate an exposure-weighted LGD must do so as defined in paragraph 60 of the securitisation framework,79,,,
OBL-0633,Section XI,"Model calibration process (with the exception of the MPoR), market and transaction data used for regulatory CVA calculation must be the same as the ones used for accounting CVA calculation.",regulated entity,"must use the same model calibration process, market and transaction data for regulatory CVA calculation as used for accounting CVA calculation",with the exception of the MPoR,,,MPoR (Margin Period of Risk),calculation,be the same as the ones used for accounting CVA calculation,for regulatory CVA calculation must be the same as the ones used for accounting CVA calculation,,,,
OBL-0627,Section XI,• All market risk factors material for the transactions with a counterparty must be simulated as stochastic processes for an appropriate number of paths defined on an appropriate set of future time points extending to the maturity of the longest transaction.,regulated entity conducting market risk analysis,must simulate all material market risk factors as stochastic processes for an appropriate number of paths defined on an appropriate set of future time points extending to the maturity of the longest transaction,for transactions with a counterparty where market risk factors are material,,extending to the maturity of the longest transaction,,counterparty,be simulated as stochastic processes for an appropriate number of paths defined on an appropriate set of future time points extending to the maturity of the longest transaction,for the transactions with a counterparty must be simulated as stochastic processes for an appropriate number of paths defined on an appropriate set of future time points extending to the maturity of the longest transaction,,,,
OBL-0347,Section XI,• The bank must demonstrate that the data used to build the model are representative of the population of the bank’s actual borrowers or facilities.,The bank,must demonstrate that the data used to build the model are representative of the population of the bank's actual borrowers or facilities,,,,,bank,demonstrate that the data used to build the model are representative of the population of the bank’s actual borrowers or facilities,to build the model are representative of the population of the bank’s actual borrowers or facilities,,,,
OBL-0581,Section XI,The legal mechanism by which collateral is given must be robust and ensure that the lender has clear rights over the proceeds from the collateral.,The legal mechanism by which collateral is given,must be robust and ensure that the lender has clear rights over the proceeds from the collateral,when collateral is given,,,,given,be robust and ensure that the lender has clear rights over the proceeds from the collateral,,,by which,,
OBL-0181,Preamble,"The minimum requirements that banks must satisfy to use the IRB approach are presented at the end of this section starting at Section H, paragraph 154.",banks,must satisfy minimum requirements to use the IRB approach,to use the IRB approach,minimum requirements,,,banks,satisfy to use the IRB approach are presented at the end of this section starting at Section H,"to use the IRB approach are presented at the end of this section starting at Section H, paragraph 154",154,,,
OBL-0696,Section XI,"All banks with a BI greater than €1bn, or which use internal loss data in the calculation of operational risk capital, are required to disclose their annual loss data for each of the ten years in the ILM calculation window.",All banks,are required to disclose their annual loss data for each of the ten years in the ILM calculation window,"with a BI greater than €1bn, or which use internal loss data in the calculation of operational risk capital",BI greater than €1bn,annual,,,,"in the calculation of operational risk capital, are required to disclose their annual loss data for each of the ten years in the ILM calculation window",1,,,
OBL-0064,Preamble,"Basel III: Finalising post-crisis reforms 19 • Required documentation: all the information required at loan origination and for monitoring purposes must be properly documented, including information on the ability of the borrower to repay and on the valuation of the property.",financial institutions,"properly document all required information at loan origination and for monitoring purposes, including borrower repayment ability and property valuation information",at loan origination and for monitoring purposes,,,,purposes,be properly documented,"for monitoring purposes must be properly documented, including information on the ability of the borrower to repay and on the valuation of the property",19,,,
OBL-0044,Preamble,"Additionally any of the following instruments must be categorised as an equity exposure: 23 Availability-based revenues mean that once construction is completed, the project finance entity is entitled to payments from its contractual counterparties (eg the government), as long as contract conditions are fulfilled.",any of the following instruments,must be categorised as an equity exposure,any of the following instruments,,,,instruments,be categorised as an equity exposure: 23 Availability-based revenues mean that once construction is completed,"to payments from its contractual counterparties (eg the government), as long as contract conditions are fulfilled",23,,,
OBL-0663,Section XI,The index sensitivity to risk factor k must be calculated via applying the shift of risk factor k to all index constituents that depend on this risk factor and recalculating the index.,The regulated entity (implied),must calculate the index sensitivity to risk factor k via applying the shift of risk factor k to all index constituents that depend on this risk factor and recalculating the index,when calculating index sensitivity to risk factor k,,,,k,be calculated via applying the shift of risk factor k to all index constituents that depend on this risk factor and recalculating the index,to risk factor k must be calculated via applying the shift of risk factor k to all index constituents that depend on this risk factor and recalculating the index,,,,
OBL-0213,Preamble,"If a bank intends to adopt an IRB approach to an asset class, it must produce an implementation plan, specifying to what extent and when it intends to roll out the IRB approaches within the asset class and business units.",bank,"must produce an implementation plan, specifying to what extent and when it intends to roll out the IRB approaches within the asset class and business units",intends to adopt an IRB approach to an asset class,,,,it,produce an implementation plan,"to adopt an IRB approach to an asset class, it must produce an implementation plan, specifying to what extent and when it intends to roll out the IRB approaches within the asset class and business units",,within the asset class and business units,,
OBL-0758,Annex m,"OBS securitisation exposures must be treated as per the second bullet of paragraph 20 of the Basel III securitisation framework.41 39 That is, with a maturity below one year.",OBS securitisation exposures,must be treated as per the second bullet of paragraph 20 of the Basel III securitisation framework,,,,,exposures,be treated as per the second bullet of paragraph 20 of the Basel III securitisation framework,,20,,,
OBL-0272,Section XI,"This same value of M will also be used for undrawn amounts under a committed purchase facility provided the facility contains effective covenants, early amortisation triggers, or other features that protect the purchasing bank against a significant deterioration in the quality of the future receivables it is required to purchase over the facility’s term.",regulatory authority/bank regulator,allow the same value of M to be used for undrawn amounts under a committed purchase facility,"facility contains effective covenants, early amortisation triggers, or other features that protect the purchasing bank against a significant deterioration in the quality of the future receivables it is required to purchase over the facility's term",,,,,,"for undrawn amounts under a committed purchase facility provided the facility contains effective covenants, early amortisation triggers, or other features that protect the purchasing bank against a significant deterioration in the quality of the future receivables it is required to purchase over the facility’s term",,,,
OBL-0217,Section XI,"Irrespective of the materiality, exposures to CCPs arising from OTC derivatives, exchange traded derivatives transactions and SFTs must be treated according to the dedicated treatment laid down in Section XI of the counterparty credit risk standards.",regulated entities with exposures to CCPs,must treat exposures to CCPs according to the dedicated treatment laid down in Section XI of the counterparty credit risk standards,"exposures to CCPs arising from OTC derivatives, exchange traded derivatives transactions and SFTs",,,,SFTs,be treated according to the dedicated treatment laid down in Section XI of the counterparty credit risk standards,"to CCPs arising from OTC derivatives, exchange traded derivatives transactions and SFTs must be treated according to the dedicated treatment laid down in Section XI of the counterparty credit risk standards",,,,
OBL-0090,Preamble,"As such, default by a borrower on one obligation does not require a bank to treat all other obligations to the banking group as defaulted.",bank,does not require treating all other obligations to the banking group as defaulted,default by a borrower on one obligation,,,,,,to treat all other obligations to the banking group as defaulted,,by a,,
OBL-0367,Section XI,Rating assignments and periodic rating reviews must be completed or approved by a party that does not directly stand to benefit from the extension of credit.,Rating assignments and periodic rating reviews,must be completed or approved by a party that does not directly stand to benefit from the extension of credit,,,,,reviews,be completed or approved by a party that does not directly stand to benefit from the extension of credit,to benefit from the extension of credit,,by a,,
OBL-0263,Section XI,"Foundation approach CCFs must be used for all other off-balance sheet items (for example, undrawn non-revolving commitments), and must be used where the minimum requirements for own estimates of EAD are not met.",regulated entities using foundation approach,must use foundation approach CCFs,"for all other off-balance sheet items (for example, undrawn non-revolving commitments), and where the minimum requirements for own estimates of EAD are not met",,,,CCFs,be used for all other off-balance sheet items (for example,"for all other off-balance sheet items (for example, undrawn non-revolving commitments), and must be used where the minimum requirements for own estimates of EAD are not met",,,,
OBL-0447,Section XI,"However, in such cases, banks must demonstrate to their supervisors that appropriate adjustments to the data have been made to achieve broad equivalence with the reference definition.",banks,must demonstrate to their supervisors that appropriate adjustments to the data have been made to achieve broad equivalence with the reference definition,in such cases,,,,banks,demonstrate to their supervisors that appropriate adjustments to the data have been made to achieve broad equivalence with the reference definition,"in such cases, banks must demonstrate to their supervisors that appropriate adjustments to the data have been made to achieve broad equivalence with the reference definition",,,,
OBL-0640,Section XI,• Senior management should be actively involved in the risk control process and must regard CVA risk control as an essential aspect of the business to which significant resources need to be devoted.,Senior management,should be actively involved in the risk control process and must regard CVA risk control as an essential aspect of the business to which significant resources need to be devoted,,,,,and,regard CVA risk control as an essential aspect of the business to which significant resources need to be devoted,in the risk control process and must regard CVA risk control as an essential aspect of the business to which significant resources need to be devoted,,,,
OBL-0351,Section XI,Such procedures should focus on finding and limiting errors associated with known model weaknesses and must also include credible ongoing efforts to improve the model’s performance.,Such procedures,procedures should focus on finding and limiting errors associated with known model weaknesses and must include credible ongoing efforts to improve the model's performance,known model weaknesses,,,,and,also include credible ongoing efforts to improve the model’s performance,to improve the model’s performance,,,,
OBL-0101,Preamble,"Whether the bank intends to rely on an issuer- or an issue-specific rating, the rating must take into account and reflect the entire amount of credit risk exposure the bank has with regard to all payments owed to it.62 62 For example, if a bank is owed both principal and interest, the assessment must fully take into account and reflect the credit risk associated with repayment of both principal and interest.",the bank,the rating must take into account and reflect the entire amount of credit risk exposure the bank has with regard to all payments owed to it,Whether the bank intends to rely on an issuer- or an issue-specific rating,,,,rating,take into account and reflect the entire amount of credit risk exposure the bank has with regard to all payments owed to it,"to rely on an issuer- or an issue-specific rating, the rating must take into account and reflect the entire amount of credit risk exposure the bank has with regard to all payments owed to it",62,,,
OBL-0197,Preamble,"(d) Because the asset correlation assumptions for the QRRE risk-weight function are markedly below those for the other retail risk-weight function at low PD values, banks must demonstrate that the use of the QRRE risk-weight function is constrained to portfolios that have exhibited low volatility of loss rates, relative to their average level of loss rates, especially within the low PD bands.",banks,"must demonstrate that the use of the QRRE risk-weight function is constrained to portfolios that have exhibited low volatility of loss rates, relative to their average level of loss rates, especially within the low PD bands",Because the asset correlation assumptions for the QRRE risk-weight function are markedly below those for the other retail risk-weight function at low PD values,,,,banks,demonstrate that the use of the QRRE risk-weight function is constrained to portfolios that have exhibited low volatility of loss rates,"for the QRRE risk-weight function are markedly below those for the other retail risk-weight function at low PD values, banks must demonstrate that the use of the QRRE risk-weight function is constrained to portfolios that have exhibited low volatility of loss rates, relative to their average level of loss rates, especially within the low PD bands",,within the low PD bands,,
OBL-0179,Preamble,"Where the credit protection is denominated in a currency different from that in which the exposure is denominated – ie there is a currency mismatch – the amount of the exposure deemed to be protected must be reduced by the application of a haircut H FX, ie ( ) G =G⋅ 1−H A FX where: G = nominal amount of the credit protection H = haircut appropriate for currency mismatch between the credit protection and underlying FX obligation.",regulated entity with credit protection exposure,must reduce the amount of exposure deemed to be protected by applying haircut HFX using the formula G_A = G × (1 - H_FX),where credit protection is denominated in a currency different from the exposure currency,haircut HFX appropriate for currency mismatch,,,protected,be reduced by the application of a haircut H FX,"Where the credit protection is denominated in a currency different from that in which the exposure is denominated – ie there is a currency mismatch – the amount of the exposure deemed to be protected must be reduced by the application of a haircut H FX, ie ( ) G =G⋅ 1−H A FX where: G = nominal amount of the credit protection H = haircut appropriate for currency mismatch between the credit protection and underlying FX obligation",1,by the,,
OBL-0135,Preamble,"In jurisdictions that allow the use of external ratings for regulatory purposes, the following supervisory haircuts (assuming daily mark-to-market, daily remargining and a 10-business day holding period), expressed as percentages, must be used to determine the haircuts appropriate to the collateral (Hc) and to the exposure (He): 40 Basel III: Finalising post-crisis reforms Supervisory haircuts for comprehensive approach Jurisdictions that allow the use of external ratings for regulatory purposes Table 14 Issue rating for debt Securitisation Residual maturity Sovereigns73 Other issuers74 securities exposures75 ≤ 1 year 0.5 1 2 >1 year, ≤ 3 years 2 3 8 AAA to AA–/A-1 >3 years, ≤ 5 years 4 >5 years, ≤ 10 years 4 6 16 > 10 years 12 ≤ 1 year 1 2 4 A+ to BBB–/ >1 year, ≤ 3 years 3 4 12 A-2/A-3/P-3 and unrated bank >3 years, ≤ 5 years 6 securities per para.",jurisdictions that allow the use of external ratings for regulatory purposes,must use specified supervisory haircuts to determine the haircuts appropriate to the collateral (Hc) and to the exposure (He),"assuming daily mark-to-market, daily remargining and a 10-business day holding period","haircut percentages ranging from 0.5% to 16% based on issue rating, residual maturity, and security type",,,percentages,be used to determine the haircuts appropriate to the collateral (Hc) and to the exposure (He): 40 Basel III: Finalising post-crisis reforms Supervisory haircuts for comprehensive approach Jurisdictions that allow the use of external ratings for regulatory purposes Table 14 Issue rating for debt Securitisation Residual maturity Sovereigns73 Other issuers74 securities exposures75 ≤ 1 year 0,"In jurisdictions that allow the use of external ratings for regulatory purposes, the following supervisory haircuts (assuming daily mark-to-market, daily remargining and a 10-business day holding period), expressed as percentages, must be used to determine the haircuts appropriate to the collateral (Hc) and to the exposure (He): 40 Basel III: Finalising post-crisis reforms Supervisory haircuts for comprehensive approach Jurisdictions that allow the use of external ratings for regulatory purposes Table 14 Issue rating for debt Securitisation Residual maturity Sovereigns73 Other issuers74 securities exposures75 ≤ 1 year 0",10,3 years,,
OBL-0149,Preamble,"• For a single collateral-for-collateral SFT, lending collateral A and receiving collateral B, the H is still be defined by the amount of collateral received but the effective floor of the transaction must integrate the floor of the two types of collateral and can be computed as:  1   1  1+f f =   −1= B −1 1+f A  1+f B  1+f A C which will be compared to the effective haircut of the transaction, ie B −1.",regulated entity conducting single collateral-for-collateral SFT,"define H by amount of collateral received, integrate floor of both collateral types using specified formula, and compare to effective haircut",for a single collateral-for-collateral SFT lending collateral A and receiving collateral B,"effective floor computed as f = (1/(1+fB)) - 1 = (1+fA)/(1+fB) - 1, compared to effective haircut (1+fA)/(1+fB) - 1",,,transaction,integrate the floor of the two types of collateral and can be computed as:  1   1  1+f f =   −1= B −1 1+f A  1+f B  1+f A C which will be compared to the effective haircut of the transaction,"For a single collateral-for-collateral SFT, lending collateral A and receiving collateral B, the H is still be defined by the amount of collateral received but the effective floor of the transaction must integrate the floor of the two types of collateral and can be computed as:  1   1  1+f f =   −1= B −1 1+f A  1+f B  1+f A C which will be compared to the effective haircut of the transaction, ie B −1",1,by the,,
OBL-0047,Preamble,"3) The obligation requires (or permits at the issuer’s discretion) settlement by issuance of a variable number of the issuer’s equity shares and (ceteris paribus) any change in the value of the obligation is attributable to, comparable to, and in the same direction as, the change in the value of a fixed number of the issuer’s equity shares;25 or, 4) The holder has the option to require that the obligation be settled in equity shares, unless either (i) in the case of a traded instrument, the supervisor is content that the bank has demonstrated that the instrument trades more like the debt of the issuer than like its equity, or (ii) in the case of non-traded instruments, the supervisor is content that the bank has demonstrated that the instrument should be treated as a debt position.",issuer,"settlement by issuance of variable number of equity shares where value changes match fixed number of shares, or holder option for equity settlement","when obligation requires/permits settlement by variable equity shares with comparable value changes, or holder has equity settlement option",,,supervisor is content with bank's demonstration that traded instrument trades more like debt or non-traded instrument should be treated as debt position,,,"in the value of the obligation is attributable to, comparable to, and in the same direction as, the change in the value of a fixed number of the issuer’s equity shares",3,by issuance,"unless either (i) in the case of a traded instrument, the supervisor is content that the bank has demonstrated that the instrument trades more like the debt of the issuer than like its equity, or (ii) in the case of non-traded instruments, the supervisor is content that the bank has demonstrated that the instrument should be treated as a debt position",
OBL-0736,Section XI,"• the credit protection purchased through credit derivatives is not purchased from a counterparty whose credit quality is highly correlated with the value of the reference obligation in the sense specified in paragraph 101 of the Basel III framework;26 • in the event that the effective notional amount of a written credit derivative is reduced by any negative change in fair value reflected in the bank’s Tier 1 capital, the effective notional amount of the offsetting credit protection purchased through credit derivatives must also be reduced by any resulting positive change in fair value reflected in Tier 1 capital;",bank,ensure credit protection purchased through credit derivatives is not from counterparty whose credit quality is highly correlated with value of reference obligation as specified in paragraph 101 of Basel III framework,when purchasing credit protection through credit derivatives and when effective notional amount of written credit derivative is reduced by negative change in fair value reflected in Tier 1 capital,,,,derivatives,also be reduced by any resulting positive change in fair value reflected in Tier 1 capital,in the sense specified in paragraph 101 of the Basel III framework,101,by any,,
OBL-0756,Annex m,"It includes any such arrangement that can be unconditionally cancelled by the bank at any time without prior notice to the obligor.38 It also includes any such arrangement that can be cancelled by the bank if the obligor fails to meet conditions set out in the facility document, including conditions that must be met by the obligor prior to any initial or subsequent drawdown arrangement.",bank,"can unconditionally cancel arrangement at any time without prior notice, or can cancel arrangement if obligor fails to meet conditions","arrangement that can be unconditionally cancelled by the bank at any time without prior notice to the obligor, or arrangement that can be cancelled by the bank if the obligor fails to meet conditions set out in the facility document",,,,that,be met by the obligor prior to any initial or subsequent drawdown arrangement,to the obligor,38,by the,,
OBL-0727,Section XI,"This implies that the RC cannot be reduced by collateral received and that the multiplier referenced in paragraph 3 of 14 If, under a bank’s national accounting standards, there is no accounting measure of exposure for certain derivative instruments because they are held (completely) off balance sheet, the bank must use the sum of positive fair values of these derivatives as the replacement cost.",bank,must use the sum of positive fair values of these derivatives as the replacement cost,"if, under a bank's national accounting standards, there is no accounting measure of exposure for certain derivative instruments because they are held (completely) off balance sheet",,,,bank,use the sum of positive fair values of these derivatives as the replacement cost,"in paragraph 3 of 14 If, under a bank’s national accounting standards, there is no accounting measure of exposure for certain derivative instruments because they are held (completely) off balance sheet, the bank must use the sum of positive fair values of these derivatives as the replacement cost",3,by collateral,,
OBL-0142,Preamble,The 10-business day haircuts provided in paragraphs 163 and 164 are the default haircuts and these haircuts must be scaled up or down using the formula below: ( ) N + T −1 H =H R M 10 10 where: H = haircut H 10 = 10-business day haircut for instrument N R = actual number of business days between remargining for capital market transactions or revaluation for secured transactions T M = minimum holding period for the type of transaction.,regulated entities using haircuts for capital market transactions or secured transactions,must scale up or down the 10-business day haircuts using the specified formula H = H10 * ((NR + TM - 1) / 10),when the actual number of business days between remargining or revaluation differs from the default 10-business day period,10-business day default haircut period,,,haircuts,be scaled up or down using the formula below: ( ) N + T −1 H =H R M 10 10 where: H = haircut H 10 = 10-business day haircut for instrument N R = actual number of business days between remargining for capital market transactions or revaluation for secured transactions T M = minimum holding period for the type of transaction,in paragraphs 163 and 164 are the default haircuts and these haircuts must be scaled up or down using the formula below: ( ) N + T −1 H =H R M 10 10 where: H = haircut H 10 = 10-business day haircut for instrument N R = actual number of business days between remargining for capital market transactions or revaluation for secured transactions T M = minimum holding period for the type of transaction,10,,,
OBL-0742,Section XI,"To achieve such equivalence, both transactions are settled through the same settlement system and the settlement arrangements are supported by cash and/or intraday credit facilities intended to ensure that settlement of both transactions will occur by the end of the business day and any issues arising from the securities legs of the SFTs do not interfere with the completion of the net settlement of the cash receivables and payables.",,both transactions are settled through the same settlement system and the settlement arrangements are supported by cash and/or intraday credit facilities intended to ensure that settlement of both transactions will occur by the end of the business day and any issues arising from the securities legs of the SFTs do not interfere with the completion of the net settlement of the cash receivables and payables,To achieve such equivalence,,by the end of the business day,,,,"To achieve such equivalence, both transactions are settled through the same settlement system and the settlement arrangements are supported by cash and/or intraday credit facilities intended to ensure that settlement of both transactions will occur by the end of the business day and any issues arising from the securities legs of the SFTs do not interfere with the completion of the net settlement of the cash receivables and payables",,by cash,,
OBL-0276,Section XI,"To the extent that a portion of such a purchase price discount may be refunded to the seller based on the performance of the receivables, the purchaser may recognise this refundable amount as first-loss protection and hence treat this exposure under the securitisation framework, while the seller providing such a refundable purchase price discount must treat the refundable amount as a first-loss position under the securitisation framework.",purchaser and seller,purchaser may recognise refundable amount as first-loss protection and treat exposure under securitisation framework; seller must treat refundable amount as first-loss position under securitisation framework,portion of purchase price discount may be refunded to seller based on performance of receivables,,,,discount,treat the refundable amount as a first-loss position under the securitisation framework,"To the extent that a portion of such a purchase price discount may be refunded to the seller based on the performance of the receivables, the purchaser may recognise this refundable amount as first-loss protection and hence treat this exposure under the securitisation framework, while the seller providing such a refundable purchase price discount must treat the refundable amount as a first-loss position under the securitisation framework",,,,
OBL-0203,Preamble,"(As such, intercompany accounts receivable and receivables subject to contra-accounts between firms that buy and sell to each other are ineligible.5) • The purchasing bank has a claim on all proceeds from the pool of receivables or a pro-rata interest in the proceeds.6 • National supervisors must also establish concentration limits above which capital charges must be calculated using the minimum requirements for the bottom-up approach for corporate exposures.",National supervisors,must establish concentration limits above which capital charges must be calculated using the minimum requirements for the bottom-up approach for corporate exposures,above concentration limits,concentration limits,,,supervisors,also establish concentration limits above which capital charges must be calculated using the minimum requirements for the bottom-up approach for corporate exposures,to contra-accounts between firms that buy and sell to each other are ineligible,5,,,
OBL-0745,Section XI,"This is illustrated in the following formula: E* = max {0, [∑E i – ∑C i]} • Where no qualifying MNA is in place, the current exposure for transactions with a counterparty must be calculated on a transaction-by-transaction basis – that is, each transaction i is treated as its own netting set, as shown in the following formula: E i* = max {0, [E i – C i]} E i* may be set to zero if (i) E i is the cash lent to a counterparty, (ii) this transaction is treated as its own netting set and (iii) the associated cash receivable is not eligible for the netting treatment in paragraph 51 (i).",counterparty,calculate current exposure on a transaction-by-transaction basis treating each transaction as its own netting set,where no qualifying MNA is in place,,,"E i* may be set to zero if (i) E i is the cash lent to a counterparty, (ii) this transaction is treated as its own netting set and (iii) the associated cash receivable is not eligible for the netting treatment in paragraph 51 (i)",counterparty,be calculated on a transaction-by-transaction basis – that is,"in the following formula: E* = max {0, [∑E i – ∑C i]} • Where no qualifying MNA is in place, the current exposure for transactions with a counterparty must be calculated on a transaction-by-transaction basis – that is, each transaction i is treated as its own netting set, as shown in the following formula: E i* = max {0, [E i – C i]} E i* may be set to zero if (i) E i is the cash lent to a counterparty, (ii) this transaction is treated as its own netting set and (iii) the associated cash receivable is not eligible for the netting treatment in paragraph 51 (i)",0,,,
OBL-0136,Preamble,"In jurisdictions that do not allow the use of external ratings for regulatory purposes, the following supervisory haircuts (assuming daily mark-to-market, daily remargining and a 10-business day holding period), expressed as percentages, must be used to determine the haircuts appropriate to the collateral (Hc) and to the exposure (He): 73 Includes: PSEs that are treated as sovereigns by the national supervisor, as well as multilateral development banks receiving a 0% risk weight.",financial institutions,must use specified supervisory haircuts to determine the haircuts appropriate to the collateral (Hc) and to the exposure (He),in jurisdictions that do not allow the use of external ratings for regulatory purposes,"supervisory haircuts expressed as percentages assuming daily mark-to-market, daily remargining and a 10-business day holding period",,,percentages,be used to determine the haircuts appropriate to the collateral (Hc) and to the exposure (He): 73 Includes: PSEs that are treated as sovereigns by the national supervisor,"In jurisdictions that do not allow the use of external ratings for regulatory purposes, the following supervisory haircuts (assuming daily mark-to-market, daily remargining and a 10-business day holding period), expressed as percentages, must be used to determine the haircuts appropriate to the collateral (Hc) and to the exposure (He): 73 Includes: PSEs that are treated as sovereigns by the national supervisor, as well as multilateral development banks receiving a 0% risk weight",10,by the,,
OBL-0172,Preamble,"(h) A mismatch between the underlying obligation and the obligation used for purposes of determining whether a credit event has occurred is permissible if (1) the latter obligation ranks pari passu with or is junior to the underlying obligation, and (2) the underlying obligation and reference obligation share the same obligor (ie the same legal entity) and legally enforceable cross-default or cross-acceleration clauses are in place.",,A mismatch between the underlying obligation and the obligation used for purposes of determining whether a credit event has occurred is permissible,"if (1) the latter obligation ranks pari passu with or is junior to the underlying obligation, and (2) the underlying obligation and reference obligation share the same obligor (ie the same legal entity) and legally enforceable cross-default or cross-acceleration clauses are in place",,,,,,"for purposes of determining whether a credit event has occurred is permissible if (1) the latter obligation ranks pari passu with or is junior to the underlying obligation, and (2) the underlying obligation and reference obligation share the same obligor (ie the same legal entity) and legally enforceable cross-default or cross-acceleration clauses are in place",1,,,
OBL-0732,Section XI,"Treatment of clearing services: where a bank acting as clearing member (CM)19 offers clearing services to clients, the CM’s trade exposures to the central counterparty (CCP) that arise when the CM is obligated to reimburse the client for any losses suffered due to changes in the value of its transactions in the event that the CCP defaults must be captured by applying the same treatment that applies to any other type of derivative transaction.",bank acting as clearing member (CM),must capture trade exposures to the central counterparty (CCP) by applying the same treatment that applies to any other type of derivative transaction,where CM offers clearing services to clients and CM is obligated to reimburse the client for any losses suffered due to changes in the value of its transactions in the event that the CCP defaults,,,,defaults,be captured by applying the same treatment that applies to any other type of derivative transaction,"where a bank acting as clearing member (CM)19 offers clearing services to clients, the CM’s trade exposures to the central counterparty (CCP) that arise when the CM is obligated to reimburse the client for any losses suffered due to changes in the value of its transactions in the event that the CCP defaults must be captured by applying the same treatment that applies to any other type of derivative transaction",19,by applying,,
OBL-0244,Section XI,"For credit derivatives, the 70 Basel III: Finalising post-crisis reforms requirements of paragraphs 262 and 263 must be satisfied.15 For exposures for which a bank has permission to use its own estimates of LGD, the bank may recognise the risk mitigating effects of first-to- default credit derivatives, but may not recognise the risk mitigating effects of second-to-default or more generally nth-to-default credit derivatives.",bank,must satisfy requirements of paragraphs 262 and 263 for credit derivatives; may recognise risk mitigating effects of first-to-default credit derivatives but may not recognise risk mitigating effects of second-to-default or nth-to-default credit derivatives,for credit derivatives and for exposures for which a bank has permission to use its own estimates of LGD,,,banks with permission to use own estimates of LGD may recognise first-to-default credit derivatives,263,be satisfied,"For credit derivatives, the 70 Basel III: Finalising post-crisis reforms requirements of paragraphs 262 and 263 must be satisfied",70,,,
OBL-0722,Section XI,"For the purpose of the leverage ratio exposure measure, banks using trade date accounting must reverse out any offsetting between cash receivables for unsettled sales and cash payables for unsettled purchases of financial assets that may be recognised under the applicable accounting framework, but may offset between those cash receivables and cash payables (regardless of whether such offsetting is recognised under the applicable accounting framework) if the following conditions are met: • the financial assets bought and sold that are associated with cash payables and receivables are fair valued through income and included in the bank’s regulatory trading book as specified by paragraphs 8 to 20 of the market risk framework;",banks using trade date accounting,"must reverse out any offsetting between cash receivables for unsettled sales and cash payables for unsettled purchases of financial assets that may be recognised under the applicable accounting framework, but may offset between those cash receivables and cash payables if specified conditions are met",for the purpose of the leverage ratio exposure measure,,,may offset between those cash receivables and cash payables if the financial assets bought and sold that are associated with cash payables and receivables are fair valued through income and included in the bank's regulatory trading book as specified by paragraphs 8 to 20 of the market risk framework,accounting,reverse out any offsetting between cash receivables for unsettled sales and cash payables for unsettled purchases of financial assets that may be recognised under the applicable accounting framework,"For the purpose of the leverage ratio exposure measure, banks using trade date accounting must reverse out any offsetting between cash receivables for unsettled sales and cash payables for unsettled purchases of financial assets that may be recognised under the applicable accounting framework, but may offset between those cash receivables and cash payables (regardless of whether such offsetting is recognised under the applicable accounting framework) if the following conditions are met: • the financial assets bought and sold that are associated with cash payables and receivables are fair valued through income and included in the bank’s regulatory trading book as specified by paragraphs 8 to 20 of the market risk framework",8,by paragraphs 8,,
OBL-0256,Section XI,The LGD for each exposure that is used as input into the risk weight formula and the calculation of expected loss must not be less than the parameter floors indicated in the table below: Basel III: Finalising post-crisis reforms 75 LGD parameter floors LGD Unsecured Secured Retail classes: Mortgages N/A 5% QRRE (transactors and revolvers) 50% N/A Other retail 30% Varying by collateral type: • 0% financial • 10% receivables • 10% commercial or residential real estate • 15% other physical The LGD floors for partially secured exposures in the “other retail” category should be calculated according to the formula set out in paragraph 86.,Banks using internal risk models,Must apply minimum LGD parameter floors when calculating risk weights and expected loss,For each exposure used as input into the risk weight formula and calculation of expected loss,"Retail mortgages: 5% (secured), QRRE: 50% (unsecured), Other retail: 30% (unsecured) or varying by collateral type (0% financial, 10% receivables, 10% real estate, 15% other physical)",,N/A applies to unsecured mortgages and secured QRRE exposures,loss,not be less than the parameter floors indicated in the table below: Basel III: Finalising post-crisis reforms 75 LGD parameter floors LGD Unsecured Secured Retail classes: Mortgages N/A 5% QRRE (transactors and revolvers) 50% N/A Other retail 30% Varying by collateral type: • 0% financial • 10% receivables • 10% commercial or residential real estate • 15% other physical The LGD floors for partially secured exposures in the “other retail” category should be calculated according to the formula set out in paragraph 86,for each exposure that is used as input into the risk weight formula and the calculation of expected loss must not be less than the parameter floors indicated in the table below: Basel III: Finalising post-crisis reforms 75 LGD parameter floors LGD Unsecured Secured Retail classes: Mortgages N/A 5% QRRE (transactors and revolvers) 50% N/A Other retail 30% Varying by collateral type: • 0% financial • 10% receivables • 10% commercial or residential real estate • 15% other physical The LGD floors for partially secured exposures in the “other retail” category should be calculated according to the formula set out in paragraph 86,75,by collateral,,
OBL-0017,Preamble,"A counterparty bank classified into Grade B must meet or exceed the published minimum regulatory requirements (excluding buffers) established by its national supervisor as implemented in the 18 Under the Standardised Credit Risk Assessment Approach, exposures to banks without an external credit rating may receive a risk weight of 30%, provided that the counterparty bank has a CET1 ratio which meets or exceeds 14% and a Tier 1 leverage ratio which meets or exceeds 5%.",exposures to banks without an external credit rating,may receive a risk weight of 30%,provided that the counterparty bank has a CET1 ratio which meets or exceeds 14% and a Tier 1 leverage ratio which meets or exceeds 5%,CET1 ratio which meets or exceeds 14% and a Tier 1 leverage ratio which meets or exceeds 5%,,,B,meet or exceed the published minimum regulatory requirements (excluding buffers) established by its national supervisor as implemented in the 18 Under the Standardised Credit Risk Assessment Approach,"in the 18 Under the Standardised Credit Risk Assessment Approach, exposures to banks without an external credit rating may receive a risk weight of 30%, provided that the counterparty bank has a CET1 ratio which meets or exceeds 14% and a Tier 1 leverage ratio which meets or exceeds 5%",18,by its,,
OBL-0068,Preamble,"The LTV ratio must be prudently calculated in accordance with the following requirements: • Amount of the loan: includes the outstanding loan amount and any undrawn committed amount of the mortgage loan.38 The loan amount must be calculated gross of any provisions and other risk mitigants, except for pledged deposits accounts with the lending bank that meet all requirements for on-balance sheet netting and have been unconditionally and irrevocably pledged for the sole purposes of redemption of the mortgage loan.39 36 Metrics and levels for measuring the ability to repay should mirror the FSB Principles for sound residential mortgage underwriting practices (April 2012).",regulated entities calculating LTV ratios,must prudently calculate the LTV ratio in accordance with specified requirements for loan amount calculation,when calculating LTV ratios,,,pledged deposits accounts with the lending bank that meet all requirements for on-balance sheet netting and have been unconditionally and irrevocably pledged for the sole purposes of redemption of the mortgage loan,ratio,be prudently calculated in accordance with the following requirements: • Amount of the loan: includes the outstanding loan amount and any undrawn committed amount of the mortgage loan,in accordance with the following requirements: • Amount of the loan: includes the outstanding loan amount and any undrawn committed amount of the mortgage loan,38,,,
OBL-0233,Section XI,The LGD for each exposure that is used as input into the risk weight formula and the calculation of expected loss must not be less than the parameter floors indicated in the table below: 68 Basel III: Finalising post-crisis reforms LGD parameter floors LGD Unsecured Secured Corporate 25% Varying by collateral type: • 0% financial • 10% receivables • 10% commercial or residential real estate • 15% other physical 86.,Financial institutions calculating risk weights and expected loss,Must ensure LGD for each exposure is not less than the specified parameter floors,When using LGD as input into risk weight formula and calculation of expected loss,"Unsecured Corporate: 25%; Secured varying by collateral type: 0% financial, 10% receivables, 10% commercial or residential real estate, 15% other physical",,,loss,not be less than the parameter floors indicated in the table below: 68 Basel III: Finalising post-crisis reforms LGD parameter floors LGD Unsecured Secured Corporate 25% Varying by collateral type: • 0% financial • 10% receivables • 10% commercial or residential real estate • 15% other physical 86,for each exposure that is used as input into the risk weight formula and the calculation of expected loss must not be less than the parameter floors indicated in the table below: 68 Basel III: Finalising post-crisis reforms LGD parameter floors LGD Unsecured Secured Corporate 25% Varying by collateral type: • 0% financial • 10% receivables • 10% commercial or residential real estate • 15% other physical 86,68,by collateral,,
OBL-0735,Section XI,"Where a client enters directly into a derivative transaction with the CCP and the CM guarantees the performance of its client’s derivative trade exposures to the CCP, the bank acting as the CM for the client to the CCP must calculate its related leverage ratio exposure resulting from the guarantee as a derivative exposure as set out in paragraphs 33 to 40, as if it had entered directly into the transaction with the client, including with regard to the receipt or provision of cash variation margin.",bank acting as the CM for the client to the CCP,"must calculate its related leverage ratio exposure resulting from the guarantee as a derivative exposure as set out in paragraphs 33 to 40, as if it had entered directly into the transaction with the client, including with regard to the receipt or provision of cash variation margin",Where a client enters directly into a derivative transaction with the CCP and the CM guarantees the performance of its client's derivative trade exposures to the CCP,,,,CCP,calculate its related leverage ratio exposure resulting from the guarantee as a derivative exposure as set out in paragraphs 33 to 40,"Where a client enters directly into a derivative transaction with the CCP and the CM guarantees the performance of its client’s derivative trade exposures to the CCP, the bank acting as the CM for the client to the CCP must calculate its related leverage ratio exposure resulting from the guarantee as a derivative exposure as set out in paragraphs 33 to 40, as if it had entered directly into the transaction with the client, including with regard to the receipt or provision of cash variation margin",33,,,
OBL-0117,Preamble,"The legal mechanism by which collateral is pledged or transferred must ensure that the bank has the right to liquidate or take legal possession of it, in a timely manner, in the event of the default, insolvency or bankruptcy (or one or more otherwise-defined credit events set out in the transaction documentation) of the counterparty (and, where applicable, of the custodian holding the collateral).",The legal mechanism by which collateral is pledged or transferred,"must ensure that the bank has the right to liquidate or take legal possession of it, in a timely manner","in the event of the default, insolvency or bankruptcy (or one or more otherwise-defined credit events set out in the transaction documentation) of the counterparty (and, where applicable, of the custodian holding the collateral)",,in a timely manner,,transferred,ensure that the bank has the right to liquidate or take legal possession of it,"to liquidate or take legal possession of it, in a timely manner, in the event of the default, insolvency or bankruptcy (or one or more otherwise-defined credit events set out in the transaction documentation) of the counterparty (and, where applicable, of the custodian holding the collateral)",,by which,,
OBL-0069,Preamble,"39 In jurisdictions where junior liens held by a different bank than that holding the senior lien are recognised (in accordance with paragraph 60), the loan amount of the junior liens must include all other loans secured with liens of equal or higher ranking than the bank’s lien securing the loan for purposes of defining the LTV bucket and risk weight for the junior lien.",the loan amount of the junior liens,must include all other loans secured with liens of equal or higher ranking than the bank's lien securing the loan for purposes of defining the LTV bucket and risk weight for the junior lien,In jurisdictions where junior liens held by a different bank than that holding the senior lien are recognised (in accordance with paragraph 60),,,,liens,include all other loans secured with liens of equal or higher ranking than the bank’s lien securing the loan for purposes of defining the LTV bucket and risk weight for the junior lien,"In jurisdictions where junior liens held by a different bank than that holding the senior lien are recognised (in accordance with paragraph 60), the loan amount of the junior liens must include all other loans secured with liens of equal or higher ranking than the bank’s lien securing the loan for purposes of defining the LTV bucket and risk weight for the junior lien",39,by a,,
OBL-0022,Preamble,"Proceeds deriving from the issue of these bonds must be invested in conformity with the law in assets which, during the whole period of the validity of the bonds, are capable of covering claims attached to the bonds and which, in the event of the failure of the issuer, would be used on a priority basis for the reimbursement of the principal and payment of the accrued interest.",issuer,must invest proceeds from bond issuance in conformity with law in assets capable of covering claims and used on priority basis for reimbursement in case of failure,proceeds deriving from the issue of bonds,,during the whole period of the validity of the bonds,,bonds,be invested in conformity with the law in assets which,"in conformity with the law in assets which, during the whole period of the validity of the bonds, are capable of covering claims attached to the bonds and which, in the event of the failure of the issuer, would be used on a priority basis for the reimbursement of the principal and payment of the accrued interest",,,,
OBL-0056,Preamble,"and (ii) where the sale of the property is not carried out by means of a public auction, entities holding a senior lien take reasonable steps to obtain a fair market value or the best price that may be obtained in the circumstances when exercising any power of sale on their own (ie it is not possible for the entity holding the senior lien to sell the property on its own at a discounted value in detriment of the junior lien).35 • Ability of the borrower to repay: the borrower must meet the requirements set according to paragraph 61.",entities holding a senior lien,take reasonable steps to obtain a fair market value or the best price that may be obtained in the circumstances when exercising any power of sale on their own,where the sale of the property is not carried out by means of a public auction,,,,borrower,meet the requirements set according to paragraph 61,"where the sale of the property is not carried out by means of a public auction, entities holding a senior lien take reasonable steps to obtain a fair market value or the best price that may be obtained in the circumstances when exercising any power of sale on their own (ie it is not possible for the entity holding the senior lien to sell the property on its own at a discounted value in detriment of the junior lien)",35,by means,,
OBL-0752,Annex m,"For the purposes of the leverage ratio exposure measure, the following will apply: (a) Banks may net transactions subject to novation under which any obligation between a bank and its counterparty to deliver a given currency on a given value date is automatically amalgamated with all other obligations for the same currency and value date, legally substituting one single amount for the previous gross obligations.",Banks,"may net transactions subject to novation under which any obligation between a bank and its counterparty to deliver a given currency on a given value date is automatically amalgamated with all other obligations for the same currency and value date, legally substituting one single amount for the previous gross obligations",For the purposes of the leverage ratio exposure measure,,,,,,"For the purposes of the leverage ratio exposure measure, the following will apply: (a) Banks may net transactions subject to novation under which any obligation between a bank and its counterparty to deliver a given currency on a given value date is automatically amalgamated with all other obligations for the same currency and value date, legally substituting one single amount for the previous gross obligations",,,,
OBL-0150,Preamble,"For a netting of SFTs an effective “portfolio” floor of the transaction must be computed as:  ∑E   ∑C  f = s s   t t −1 Portfolio ∑E × ( 1+f ) ∑C × ( 1+f )  s s s   t t t  46 Basel III: Finalising post-crisis reforms where E s is the net position in each security (or cash) s that is net lent, C t the net position that is net borrowed, and f s and f t are the haircut floors for the securities that are net lent and net borrowed respectively.",regulated entities conducting netting of SFTs,compute an effective portfolio floor of the transaction using the specified formula,for a netting of SFTs,"formula: f = (∑Es∑Ct-1)/((∑Es × (1+fs))(∑Ct × (1+ft))) where Es is net position in each security net lent, Ct is net position net borrowed, and fs and ft are haircut floors",,,transaction,be computed as:  ∑E   ∑C  f = s s   t t −1 Portfolio ∑E × ( 1+f ) ∑C × ( 1+f )  s s s   t t t  46 Basel III: Finalising post-crisis reforms where E s is the net position in each security (or cash) s that is net lent,"For a netting of SFTs an effective “portfolio” floor of the transaction must be computed as:  ∑E   ∑C  f = s s   t t −1 Portfolio ∑E × ( 1+f ) ∑C × ( 1+f )  s s s   t t t  46 Basel III: Finalising post-crisis reforms where E s is the net position in each security (or cash) s that is net lent, C t the net position that is net borrowed, and f s and f t are the haircut floors for the securities that are net lent and net borrowed respectively",1,,,
OBL-0733,Section XI,"In addition, where a bank provides clearing services as a “higher level client” within a multi-level client structure,20 the bank need not recognise in its leverage ratio exposure measure the resulting trade exposures to the CM or to an entity that serves as a higher level client to the bank in the leverage ratio exposure measure if it meets all of the following conditions: • The offsetting transactions are identified by the QCCP as higher level client transactions and collateral to support them is held by the QCCP and/or the CM, as applicable, under arrangements that prevent any losses to the higher level client due to: (i) the default or insolvency of the CM, (ii) the default or insolvency of the CM’s other clients, and (iii) the joint default or insolvency of the CM and any of its other clients;21 • The bank must have conducted a sufficient legal review (and undertake such further review as necessary to ensure continuing enforceability) and have a well-founded basis to conclude that",bank,need not recognise in its leverage ratio exposure measure the resulting trade exposures to the CM or to an entity that serves as a higher level client to the bank in the leverage ratio exposure measure,"where a bank provides clearing services as a ""higher level client"" within a multi-level client structure and meets all of the following conditions: The offsetting transactions are identified by the QCCP as higher level client transactions and collateral to support them",,,bank need not recognise trade exposures in leverage ratio exposure measure when conditions are met,bank,have conducted a sufficient legal review (and undertake such further review as necessary to ensure continuing enforceability) and have a well-founded basis to conclude that,"In addition, where a bank provides clearing services as a “higher level client” within a multi-level client structure,20 the bank need not recognise in its leverage ratio exposure measure the resulting trade exposures to the CM or to an entity that serves as a higher level client to the bank in the leverage ratio exposure measure if it meets all of the following conditions: • The offsetting transactions are identified by the QCCP as higher level client transactions and collateral to support them is held by the QCCP and/or the CM, as applicable, under arrangements that prevent any losses to the higher level client due to: (i) the default or insolvency of the CM, (ii) the default or insolvency of the CM’s other clients, and (iii) the joint default or insolvency of the CM and any of its other clients",20,"within a multi-level client structure,20 the bank need not recognise in its leverage ratio exposure measure the resulting trade exposures to the CM or to an entity that serves as a higher level client to the bank in the leverage ratio exposure measure if it meets all of the following conditions: • The offsetting transactions are identified by the QCCP as higher level client transactions and collateral to support them is held by the QCCP and/or the CM, as applicable, under arrangements that prevent any losses to the higher level client due to: (i) the default or insolvency of the CM, (ii) the default or insolvency of the CM’s other clients, and (iii) the joint default or insolvency of the CM and any of its other clients",,
OBL-0144,Preamble,"Banks using standard supervisory haircuts for repo-style transactions conducted under a master netting agreement must use the following formula to calculate their exposure amount: E* =max  0;∑E −∑C +0.4⋅net exposure+0.6⋅ gross exposure +∑( E ⋅H )   i j fx fx  i i N fx  where: E* = exposure value of the netting set after risk mitigation E = current value of all cash and securities lent, sold with an agreement to repurchase or i otherwise posted to the counterparty under the netting agreement C = current value of all cash and securities borrowed, purchased with an agreement to resell j or otherwise held by the bank under the netting agreement net exposure= ∑E H s s s gross exposure= ∑E H s s s E = The net current value of each security issuance under the netting set (always a positive s value) H = haircut appropriate to E as described in tables of paragraphs 163 or 164, as applicable, s s 80 The holding period for the haircuts depends, as in other repo-style transactions, on th",Banks using standard supervisory haircuts for repo-style transactions conducted under a master netting agreement,must use the following formula to calculate their exposure amount: E* =max  0;∑E −∑C +0.4⋅net exposure+0.6⋅ gross exposure +∑( E ⋅H ),using standard supervisory haircuts for repo-style transactions conducted under a master netting agreement,0.4⋅net exposure+0.6⋅gross exposure,,,agreement,use the following formula to calculate their exposure amount: E* =max  0,for repo-style transactions conducted under a master netting agreement must use the following formula to calculate their exposure amount: E* =max  0,0,by the,,
OBL-0711,Section XI,"In addition, to maintain the relative roles of the risk-weighted and leverage ratio requirements, banks identified as global systemically-important banks (G-SIBs) according the G-SIB standard must also meet a leverage ratio buffer requirement.2 Consistent with the capital measure required to meet the 1 Basel Committee on Banking Supervision, Basel III: A global regulatory framework for more resilient banks and banking systems, June 2011, www.bis.org/publ/bcbs189.pdf.",banks identified as global systemically-important banks (G-SIBs) according the G-SIB standard,must also meet a leverage ratio buffer requirement,to maintain the relative roles of the risk-weighted and leverage ratio requirements,,,,standard,also meet a leverage ratio buffer requirement,"In addition, to maintain the relative roles of the risk-weighted and leverage ratio requirements, banks identified as global systemically-important banks (G-SIBs) according the G-SIB standard must also meet a leverage ratio buffer requirement",2,,,
OBL-0391,Section XI,"For defaulted exposures, banks must retain the data on the pools to which the exposure was assigned over the year prior to default and the realised outcomes on LGD and EAD.",banks,must retain the data on the pools to which the exposure was assigned over the year prior to default and the realised outcomes on LGD and EAD,For defaulted exposures,the year prior to default,over the year prior to default,,banks,retain the data on the pools to which the exposure was assigned over the year prior to default and the realised outcomes on LGD and EAD,"For defaulted exposures, banks must retain the data on the pools to which the exposure was assigned over the year prior to default and the realised outcomes on LGD and EAD",,,,
